phone_model,tipstrickslink,review,phoneSpecs,phonePrices,phoneImgsUsed,announced_date,battery,camera,current_status,dimensions,display_inches,image,is_Touch,memory,os,processor,ram,resolution,url,weight
 HTC One S,http://www.phonetipsandtricks.com/tips/htc-one-s/,7ZDOhdKQF5k?list=PLD228B91CC610B805,Black - T-Mobile*delim*Blue - T-Mobile,90*delim*59,http://assets0.glyde.com/static/C43DD88D635537FACF69D1739A5605D1CF7187A0/images/phones/109x200/12065408p.jpg*delim*http://assets3.glyde.com/static/D0A8D43C2A021F6B4BF456B7B95E7600508F9257/images/phones/114x200/12065412p.jpg,26-Feb-12,2100mAh,8 megapixels,Released, 5.15 x 2.56 x 0.31 inches, 4.3 inches,http://i-cdn.phonearena.com/images/phones/35109-specs/HTC-One-S.jpg, Multi-touch,16 GB/32 GB/64 GB," Android (4.1.1, 4.0.4, 4.0.3) Sense 4.1 UI"," Dual-core, 1500 MHz, Krait",1024 MB , 540 x 960 pixels,http://www.phonearena.com/phones/HTC-One-S_id6579,120 g
 Samsung Galaxy Note,http://www.phonetipsandtricks.com/tips/samsung-galaxy-note/,Es7orfYUc3w?list=PLD228B91CC610B805,16GB - White - AT&T*delim*16GB - Blue - AT&T,182*delim*124,http://assets1.glyde.com/static/E1CB0B1E16773E16C9270264B4625D1F735F7515/images/phones/104x200/12074567p.jpg*delim*http://assets0.glyde.com/static/F70A6A1E81097773C76E734F959E27A615609F5D/images/phones/103x200/12065415p.jpg, ,1200mAh,8 megapixels,Released, 5.78 x 3.27 x 0.38 inches, 5.3 inches,http://i-cdn.phonearena.com/images/phones/34432-specs/Samsung-GALAXY-Note-LTE.jpg, Multi-touch,16 GB/32 GB/64 GB," Android (4.0, 2.3) TouchWiz UI"," Dual-core, 1500 MHz",1024 MB , 800 x 1280 pixels,http://www.phonearena.com/phones/Samsung-GALAXY-Note-LTE_id6779,178 g
 LG G3,http://www.phonetipsandtricks.com/tips/lg-g3/,7bLh1x7Auwc?list=PLD228B91CC610B805,16GB - White - T-Mobile*delim*16GB - White - AT&T*delim*16GB - Black - AT&T*delim*32GB - White - AT&T*delim*32GB - Black - AT&T*delim*32GB - White - Verizon*delim*32GB - Black - Verizon*delim*16GB - Black - T-Mobile,321*delim*291*delim*318*delim*313*delim*288*delim*272*delim*319*delim*343,http://assets1.glyde.com/static/EA5705C6A8383B23DB16FACBAF21DBE9A6E85BCD/images/phones/109x200/12077505p.jpg*delim*http://assets3.glyde.com/static/318D8C86CE664999BF8C52E60429705A11F0C75A/images/phones/105x200/12077503p.jpg*delim*http://assets0.glyde.com/static/4F5B758E25D75C4422AB24E7BF51EEAF47427E55/images/phones/105x200/12078800p.jpg*delim*http://assets2.glyde.com/static/1CAB3AE254B47AA0E2FB28BD3B847BA54AB58514/images/phones/107x200/12077504p.jpg*delim*http://assets1.glyde.com/static/65A977AEA971E6B5D1378941991E08D4C2118810/images/phones/107x200/12077507p.jpg*delim*http://assets3.glyde.com/static/9D1424D082B9EC9D6766962F7CAD6706C8FE7D89/images/phones/107x200/12077509p.jpg*delim*http://assets2.glyde.com/static/7677972DD078A8DC28472906DDE0D94FABDBE616/images/phones/105x200/12077267p.jpg*delim*http://assets2.glyde.com/static/2BD8CB1B25BBE7282B4AB18AD0091D5BE9C95113/images/phones/105x200/12077263p.jpg,26-Aug-14,2000mAh,13 megapixels,Released, 5.88 x 2.99 x 0.40 inches, 5.5 inches,http://i-cdn.phonearena.com/images/phones/48650-specs/LG-G3-Stylus.jpg, Multi-touch,16 GB/32 GB/64 GB, Android (4.4.2) UX UI," Dual-core, 1200 MHz, ARM Cortex-A9",, 540 x 960 pixels,http://www.phonearena.com/phones/LG-G3-Stylus_id8857,163 g
 HTC Evo 4G,http://www.phonetipsandtricks.com/tips/htc-evo-4g/,chaTFU-9h84?list=PLD228B91CC610B805,Black - Sprint,60,http://assets2.glyde.com/static/43DFC0140A4730A14F89D1C0D356CA80ED0E7104/images/phones/107x200/12055607p.jpg,19-Oct-11,2100mAh,5 megapixels,Released, 4.80 x 2.40 x 0.50 inches, 4.0 inches,http://i-cdn.phonearena.com/images/phones/31951-specs/HTC-EVO-Design-4G.jpg, Multi-touch,16 GB/32 GB/64 GB," Android (4.0, 2.3.3)"," Single core, 1200 MHz",768 MB , 540 x 960 pixels,http://www.phonearena.com/phones/HTC-EVO-Design-4G_id5465,147 g
 Samsung Galaxy Nexus,http://www.phonetipsandtricks.com/tips/samsung-galaxy-nexus/,v9NWzk4lm44?list=PLD228B91CC610B805,32GB - Silver - Verizon*delim*32GB - Silver - Sprint,64*delim*55,http://assets3.glyde.com/static/8F45CE386E2B518460510C4A80104A22CD798D7B/images/phones/100x200/12074570p.jpg*delim*http://assets1.glyde.com/static/0678CCA6B1254D5E81B2B1ED0D3E66F474D6E84B/images/phones/109x200/12059163p.jpg,16-Apr-12,2100mAh,5 megapixels,Released, 5.33 x 2.67 x 0.37 inches, 4.7 inches,http://i-cdn.phonearena.com/images/phones/35760-specs/Samsung-GALAXY-Nexus-Sprint.jpg, Multi-touch,32 GB," Android (4.3, 4.2.2, 4.2.1, 4.2, 4.1.2, 4.1.1, 4.1, 4.0)"," Dual-core, 1200 MHz, ARM Cortex-A9",1024 MB , 720 x 1280 pixels,http://www.phonearena.com/phones/Samsung-GALAXY-Nexus-Sprint_id7035,150 g
 LG G4,http://www.phonetipsandtricks.com/tips/lg-g4/,BEc7eygICBE?list=PLD228B91CC610B805,32GB - Black - Sprint*delim*32GB - Gray - Sprint*delim*32GB - Brown - T-Mobile*delim*32GB - Black - AT&T*delim*32GB - Gray - Verizon*delim*32GB - Gray - T-Mobile*delim*32GB - Black - Verizon*delim*32GB - White - Verizon,494*delim*489*delim*315*delim*427*delim*293*delim*337*delim*391*delim*416,http://assets0.glyde.com/static/5791FB459E474E2079D12BF7743D63C57939ADDC/images/phones/103x200/12078783p.jpg*delim*http://assets3.glyde.com/static/82604A613A292877BAF2689CF9097A815685B25D/images/phones/100x200/12078426p.jpg*delim*http://assets0.glyde.com/static/6E7FAF13D81484A17202D4C3FA05158CEDDBD044/images/phones/100x200/12078423p.jpg*delim*http://assets0.glyde.com/static/F84697233808A1E37049EEE9C9F04D0B2939215F/images/phones/100x200/12078463p.jpg*delim*http://assets0.glyde.com/static/1EEE2D54EE8A2C8F356C2F111A62742F92EB225D/images/phones/100x200/12078467p.jpg*delim*http://assets0.glyde.com/static/34BA06942775EFFFD9E2574D8C13CF76B682D754/images/phones/100x200/12078418p.jpg*delim*http://assets3.glyde.com/static/9CB21122FF10F36A55E0263908000E4F9E401477/images/phones/100x200/12078431p.jpg*delim*http://assets1.glyde.com/static/9C2A21850A68DC857BEF4F5709C9AEF1C5CD387C/images/phones/100x200/12078459p.jpg,19-May-15,2100mAh,8 megapixels,Released, 5.50 x 2.75 x 0.40 inches, 5.0 inches,http://i-cdn.phonearena.com/images/phones/53576-specs/LG-G4c.jpg, Multi-touch,8 GB, Android (5.0) Optimus UX 4.0 UI," Quad-core, 1200 MHz, ARM Cortex-A53, 64-bit",1024 MB , 720 x 1280 pixels,http://www.phonearena.com/phones/LG-G4c_id9445,136 g
 Samsung Focus S,http://www.phonetipsandtricks.com/tips/samsung-focus-s/,_Jc01dvb1vI?list=PLD228B91CC610B805,8GB - Black - AT&T,55,http://assets3.glyde.com/static/C21E053ECAAADB9F588AAE32A6BED1970DAD50C8/images/phones/114x200/12059169p.jpg,12-Sep-11,1800mAh,8 megapixels,Released, 4.96 x 2.63 x 0.33 inches, 4.3 inches,http://i-cdn.phonearena.com/images/phones/31957-specs/Samsung-Focus-S.jpg, Multi-touch,16 GB/32 GB/64 GB, Windows Phone 7.5 Mango," Single core, 1400 MHz",, 480 x 800 pixels,http://www.phonearena.com/phones/Samsung-Focus-S_id6263,111 g
 Samsung Galaxy S6,http://www.phonetipsandtricks.com/tips/samsung-galaxy-s6/,Mhvv2-iCKao?list=PLBsP89CPrMeNm71T5gYC6jebm9vPbLBiP,128GB - Gold - T-Mobile*delim*32GB - Black - T-Mobile*delim*32GB - Gold - T-Mobile*delim*32GB - White - Verizon*delim*64GB - Black - Sprint*delim*64GB - Gold - Sprint*delim*32GB - Gold - AT&T*delim*64GB - Black - T-Mobile*delim*32GB - Gold - Verizon*delim*32GB - White - T-Mobile*delim*64GB - White - Verizon*delim*64GB - Black - AT&T,687*delim*399*delim*398*delim*519*delim*364*delim*413*delim*547*delim*565*delim*549*delim*416*delim*565*delim*335,http://assets1.glyde.com/static/5CB5FF30192318DEC17162BC2E995AD521FEB840/images/phones/100x200/12078446p.jpg*delim*http://assets0.glyde.com/static/3FA11EB815A59258DE35A9B4D60BC66CA96C5C73/images/phones/100x200/12078414p.jpg*delim*http://assets0.glyde.com/static/2BD85365C2CA01D7F3C751B7BCE9ED8BE7267FF7/images/phones/100x200/12078454p.jpg*delim*http://assets0.glyde.com/static/BC98842265EE9EF4FDC8C046A8F75A6D10D2663E/images/phones/100x200/12078436p.jpg*delim*http://assets3.glyde.com/static/8C3D684FDFC0316ACF5B6337BA35C04BA93BB984/images/phones/106x200/12078770p.jpg*delim*http://assets0.glyde.com/static/FADB792A82DE1CC9142D4C2BB250239F04982F4D/images/phones/106x200/12078771p.jpg*delim*http://assets3.glyde.com/static/0FFF3A9D457C9A795BAC14334FF0CD29EF98E656/images/phones/100x200/12078457p.jpg*delim*http://assets1.glyde.com/static/E07045EB94B43B6F69A4BC4CEE941A8ACA51AFEF/images/phones/100x200/12078451p.jpg*delim*http://assets2.glyde.com/static/2088FF5A72ADAF0DAD8184A406B97A985BAFC56C/images/phones/100x200/12078452p.jpg*delim*http://assets1.glyde.com/static/EE0CB364FC9016D44D1208307B66E753B61B356F/images/phones/100x200/12078437p.jpg*delim*http://assets3.glyde.com/static/EFC615B8ECDCDB326671DAC078F7DC49E9FCDDB2/images/phones/100x200/12078448p.jpg*delim*http://assets2.glyde.com/static/D565D85205DD0D760941F43D3A5E7EB9C201A000/images/phones/100x200/12078416p.jpg,1-Mar-15,2550mAh,16 megapixels,Released,6.41 x 3.36 x 0.34 inches,5.1 inches,http://i-cdn.phonearena.com/images/phones/51975-xlarge/Samsung-Galaxy-S6.jpg, Multi-touch,128 GB,"Android (5.1, 5.0)","Octa-core, 2100 mHz",3072 MB,1440 x 2560 pixels,http://www.phonearena.com/phones/Samsung-Galaxy-S6_id8997,138 g
 Samsung Galaxy S6 Edge,http://www.phonetipsandtricks.com/tips/samsung-galaxy-s6-edge/,quGuHcnDnHQ?list=PLD228B91CC610B805,64GB - White - AT&T*delim*64GB - White - T-Mobile*delim*32GB - White - Verizon*delim*32GB - White - Sprint*delim*64GB - Black - Sprint*delim*128GB - Gold - AT&T*delim*64GB - White - Sprint*delim*64GB - Gold - AT&T*delim*32GB - Gold - Sprint*delim*128GB - White - T-Mobile*delim*32GB - Gold - T-Mobile,665*delim*458*delim*412*delim*379*delim*691*delim*835*delim*518*delim*597*delim*614*delim*698*delim*623,http://assets1.glyde.com/static/8CBF099CFEB6AAB014AEF48F5491CA193838ABAA/images/phones/100x200/12078464p.jpg*delim*http://assets3.glyde.com/static/907814E3C6ACB848817A4D3737FF518E4FF219FE/images/phones/100x200/12078422p.jpg*delim*http://assets1.glyde.com/static/B6A87A6850684F475CAB4C99D043802DD57FF8E4/images/phones/100x200/12078455p.jpg*delim*http://assets1.glyde.com/static/A1E3E5FFA2938E9129788A70F0AF24C4CA4D46F0/images/phones/100x200/12078428p.jpg*delim*http://assets0.glyde.com/static/3C0E66C75069CBEB6931105550FBD4189A488852/images/phones/100x200/12078449p.jpg*delim*http://assets3.glyde.com/static/5FFD9015108EA69E9EC14A50192CF1D179B0FD25/images/phones/100x200/12078417p.jpg*delim*http://assets2.glyde.com/static/4C5108E1BA17B37EBF531492FD2F9EBA4FAA3797/images/phones/100x200/12078456p.jpg*delim*http://assets3.glyde.com/static/58437934C46CA3F6EFEEF9B72510292F26D9623F/images/phones/100x200/12078479p.jpg*delim*http://assets3.glyde.com/static/DCA36B757CE1C749CE82970F4893600E1B7924BB/images/phones/100x200/12078444p.jpg*delim*http://assets1.glyde.com/static/850D2F905C459820751D24D49A11BCA8C94F51D9/images/phones/100x200/12078420p.jpg*delim*http://assets3.glyde.com/static/DD2C60B73A3436906301785CFA25EEFDC6556AE4/images/phones/100x200/12078413p.jpg,2-Mar-15,2550mAh,16 megapixels,Released,6.41 x 3.36 x 0.34 inches,5.1 inches,http://i-cdn.phonearena.com/images/phones/51975-xlarge/Samsung-Galaxy-S6-Edge.jpg, Multi-touch,128 GB,"Android (5.1, 5.0)","Octa-core, 2100 mHz",3072 MB,1440 x 2560 pixels,http://www.phonearena.com/phones/Samsung-Galaxy-S6-edge_id9193,139 g
 Motorola Atrix 4G,http://www.phonetipsandtricks.com/tips/motorola-atrix-4g/,2RLsQGlIlGk?list=PLD228B91CC610B805,Black - AT&T,58,http://assets2.glyde.com/static/0C4503102249CB9AA807F091B41D745C1D203DBE/images/phones/102x200/12048048p.jpg,10-Jul-12,2100mAh,8 megapixels,Released,6.41 x 3.36 x 0.34 inches,4.8 inches,http://i-cdn.phonearena.com/images/phones/37151-specs/Motorola-ATRIX-HD.jpg, Multi-touch,32 GB,"Android (4.1, 4.0)"," Dual-core, 1500 MHz",, 720 x 1280 pixels,http://www.phonearena.com/phones/Motorola-ATRIX-HD_id5718,110 g
 Nokia Lumia 1520,http://www.phonetipsandtricks.com/tips/nokia-lumia-1520/,sgo0BzGhJS0?list=PLD228B91CC610B805,16GB - Red - AT&T*delim*32GB - Red - AT&T*delim*16GB - Yellow - AT&T*delim*32GB - Black - AT&T*delim*16GB - White - AT&T*delim*16GB - Black - AT&T,214*delim*281*delim*181*delim*228*delim*206*delim*187,http://assets2.glyde.com/static/177AE6A768C56C0387F1AF4AC7BAA8F45FBD9456/images/phones/118x200/12076620p.jpg*delim*http://assets2.glyde.com/static/816F57B551C646853A392CF29F3B0A86C3A2E6D8/images/phones/111x200/12077510p.jpg*delim*http://assets0.glyde.com/static/3CF86D31483FFD1633042E390BE4F025C033EF00/images/phones/99x200/12077494p.jpg*delim*http://assets1.glyde.com/static/E148A1939243991BC7CC9137AFC0D4BE3CC1EC7F/images/phones/101x200/12076573p.jpg*delim*http://assets2.glyde.com/static/C1C5312635F6FEE0F39C080CDE58E3898C03E3F8/images/phones/105x200/12076341p.jpg*delim*http://assets0.glyde.com/static/B7385553019D9A95C94AD6CB0952DCC4362798D3/images/phones/105x200/12076343p.jpg,22-Oct-13,3400mAh,20 megapixels,Released,6.41 x 3.36 x 0.34 inches,6.0 inches,http://i-cdn.phonearena.com/images/phones/43393-xlarge/Nokia-Lumia-1520.jpg, Multi-touch,32GB,Windows 10,"Quad-core, 2200 MHz",2048 MB,1440 x 2560 pixels,http://www.phonearena.com/phones/Nokia-Lumia-1520_id8109,209 g
 Apple iPhone 5S,http://www.phonetipsandtricks.com/tips/apple-iphone-5s/,uBEaG6n0XDs?list=PLBsP89CPrMeNm71T5gYC6jebm9vPbLBiP,64GB - Space Gray - T-Mobile*delim*64GB - Space Gray - Sprint*delim*32GB - Gold - T-Mobile*delim*32GB - Gold - Verizon*delim*32GB - Silver - T-Mobile*delim*16GB - Gold - Sprint*delim*16GB - Gold - T-Mobile*delim*16GB - Space Gray - T-Mobile*delim*32GB - Space Gray - Sprint*delim*16GB - Space Gray - Sprint*delim*64GB - Gold - Verizon*delim*16GB - Silver - AT&T*delim*64GB - Space Gray - Verizon*delim*64GB - Space Gray - AT&T*delim*32GB - Gold - AT&T*delim*16GB - Silver - Verizon*delim*32GB - Silver - Verizon*delim*32GB - Silver - AT&T*delim*32GB - Space Gray - AT&T*delim*64GB - Silver - AT&T*delim*16GB - Gold - AT&T*delim*16GB - Space Gray - Verizon*delim*32GB - Space Gray - Verizon*delim*16GB - Silver - Sprint,298*delim*397*delim*359*delim*359*delim*348*delim*309*delim*236*delim*221*delim*329*delim*298*delim*299*delim*197*delim*253*delim*242*delim*230*delim*212*delim*397*delim*348*delim*338*delim*329*delim*250*delim*199*delim*234*delim*298,http://assets2.glyde.com/static/EE658C0250EF7DF14155CC2E696CCDA95003FAA8/images/phones/95x200/12076282p.jpg*delim*http://assets0.glyde.com/static/48EA65B8E445413257E69CB320890048543BD8A8/images/phones/95x200/12076279p.jpg*delim*http://assets3.glyde.com/static/833561FAAF8D6BCAC775486C8AB33F995F3E798A/images/phones/95x200/12076270p.jpg*delim*http://assets0.glyde.com/static/F14ACC216C44448FF72E6839858F645D70BD3E68/images/phones/96x200/12076320p.jpg*delim*http://assets1.glyde.com/static/3BE39D3450952C2280F0CE750FFD4242B3806CB8/images/phones/95x200/12076281p.jpg*delim*http://assets1.glyde.com/static/1AF8587F47374E1DF51DA9D2B3A78041D9465FCA/images/phones/96x200/12076288p.jpg*delim*http://assets0.glyde.com/static/A60E5F7820833A2180142F16BAC9874BE2AAFEAB/images/phones/95x200/12076280p.jpg*delim*http://assets3.glyde.com/static/32FD7A42387F4556B112D41B6C17FF7B1E310CA4/images/phones/95x200/12076256p.jpg*delim*http://assets1.glyde.com/static/3E2F6EA9EF5CE76F6AC33221D3341E9CFD14F052/images/phones/95x200/12076250p.jpg*delim*http://assets0.glyde.com/static/701F7759C2269F93F87105F4B4F8FA3224A97DE0/images/phones/95x200/12076266p.jpg*delim*http://assets1.glyde.com/static/5511273EC3E16FAAA3364E5E79DB17561AB71CF6/images/phones/95x200/12076267p.jpg*delim*http://assets0.glyde.com/static/540AC67D0718A4FC68583F12D5EF5DEFBFA7A871/images/phones/96x200/12076296p.jpg*delim*http://assets1.glyde.com/static/CB83E887046947228852825C77105D016222331E/images/phones/95x200/12076254p.jpg*delim*http://assets2.glyde.com/static/4D59D7E461CC2B7E72697B1B83F9AFBBCEECDFAB/images/phones/95x200/12076255p.jpg*delim*http://assets1.glyde.com/static/9A2C1A22335E8095CA81106FFEB503795A3DBC74/images/phones/95x200/12076263p.jpg*delim*http://assets3.glyde.com/static/C7A1A41333910C45F7D46A216F67CBE42CBA762B/images/phones/95x200/12076278p.jpg*delim*http://assets0.glyde.com/static/A053DDD17014C9ED50B88EFB6869CA6C18E313FF/images/phones/96x200/12076302p.jpg*delim*http://assets0.glyde.com/static/6E93870CB224C9F27BD47EC4E05CA17838FFAA63/images/phones/95x200/12076248p.jpg*delim*http://assets1.glyde.com/static/18D701A338E1379497DA0CC8588C312617E11593/images/phones/96x200/12076293p.jpg*delim*http://assets2.glyde.com/static/08F42DC3B39D5846C533031F4E637BD621163896/images/phones/99x200/12076358p.jpg*delim*http://assets1.glyde.com/static/6F38A9A2B9A919F2B82B15E853F17C84537DD6FE/images/phones/99x200/12076380p.jpg*delim*http://assets0.glyde.com/static/D6E286B20BD89D32A6ED32229D8471A863960053/images/phones/102x200/12076355p.jpg*delim*http://assets1.glyde.com/static/89A80B761D6DCF74CA732905D98CA6436B36778B/images/phones/107x200/12077385p.jpg*delim*http://assets3.glyde.com/static/71EBC8BC1F6E3D88A83A014CCD3E682EFCE77DC9/images/phones/107x200/12077383p.jpg,10-Sep-13,1500mAh,8 megapixels,Released, 4.87 x 2.31 x 0.30 inches, 4.0 inches,http://i-cdn.phonearena.com/images/phones/42885-specs/Apple-iPhone-5s.jpg, Multi-touch,16 GB/32 GB/64 GB," iOS (9.x, 8.x, 7.x)","Dual-core, 1300 MHz, Swift",, 640 x 1136 pixels,http://www.phonearena.com/phones/Apple-iPhone-5s_id7710,112 g
 Sony Xperia Z1S,http://www.phonetipsandtricks.com/tips/sony-xperia-z1s/,x__pdn5Rwng?list=PLD228B91CC610B805,32GB - Black - T-Mobile,202,http://assets3.glyde.com/static/FAF4599531E3DE202582B56697E5BF0213F51C22/images/phones/109x200/12077488p.jpg,2-Sep-09,1800mAh,8 megapixels,Released, 4.33 x 2.13 x 0.63 inches,,http://i-cdn.phonearena.com/images/phones/17498-specs/Sony-Ericsson-XPERIA-X2.jpg, Multi-touch,16 GB/32 GB/64 GB, Windows Mobile Professional (6.5)," Dual-core, 1200 MHz, ARM Cortex-A9",, 720 x 1280 pixels,http://www.phonearena.com/phones/Sony-Ericsson-XPERIA-X2_id3977,155 g
 Sony Xperia Z,http://www.phonetipsandtricks.com/tips/sony-xperia-z/,AElbT5tKQYs?list=PLD228B91CC610B805,16GB - Black - AT&T*delim*16GB - Black - T-Mobile,203*delim*150,http://assets1.glyde.com/static/4350BAB738C3A9352AD69952459B1E57DE21E1CF/images/phones/102x200/12075474p.jpg*delim*http://assets3.glyde.com/static/AD0A50FEB82E79CF21EE6907EAACBA11DB55B795/images/phones/102x200/12077258p.jpg,7-Jan-13,1800mAh,8 megapixels,Released, 4.53 x 2.60 x 0.41 inches,,http://i-cdn.phonearena.com/images/phones/39559-specs/Sony-Xperia-Z.jpg, Multi-touch,16 GB/32 GB/64 GB," Android (5.1, 5.0, 4.4.4, 4.4.2, 4.3, 4.2.2, 4.1.2)"," Dual-core, 1200 MHz, ARM Cortex-A9",, 720 x 1280 pixels,http://www.phonearena.com/phones/Sony-Xperia-Z_id7539,162 g
 Samsung Galaxy Note 3,http://www.phonetipsandtricks.com/tips/samsung-galaxy-note-3/,dtqvesI_hv0?list=PLD228B91CC610B805,32GB - White - Verizon*delim*32GB - Black - Verizon*delim*32GB - Black - Sprint*delim*32GB - Black - T-Mobile*delim*32GB - White - T-Mobile*delim*32GB - Black - AT&T*delim*32GB - White - AT&T,225*delim*239*delim*181*delim*340*delim*285*delim*199*delim*199,http://assets1.glyde.com/static/5DD9D1CE955B3C7F093DF1262DFCD7018D632181/images/phones/96x200/12076303p.jpg*delim*http://assets2.glyde.com/static/D63BBB08AB8FE1CEE40D132BF004C8810493906C/images/phones/96x200/12078179p.jpg*delim*http://assets2.glyde.com/static/E82E4A2C03DDA907CDF34432D5DA273A7FE99332/images/phones/96x200/12076322p.jpg*delim*http://assets3.glyde.com/static/E59BC05BFAAC50B2F9DB3F5BE163E6CFD2FA5AAD/images/phones/95x200/12076283p.jpg*delim*http://assets1.glyde.com/static/D374A1CC4F8E04109DAF05EB9BE2856F4CE47693/images/phones/96x200/12078174p.jpg*delim*http://assets1.glyde.com/static/480655F5C96A728DD8577DFBCD5560439441DE93/images/phones/95x200/12076258p.jpg*delim*http://assets1.glyde.com/static/672E7035E1A43B42AE67C536C3102562154D911A/images/phones/96x200/12078178p.jpg,4-Sep-13,3200mAh,13 megapixels,Released,5.95 x 3.12 x 0.33 inches,5.7 inches,http://i-cdn.phonearena.com/images/phones/42834-specs/Samsung-Galaxy-Note-3.jpg, Multi-touch,32 GB," Android (5.0, 4.4.4, 4.4, 4.3)","Quad-core, 2300MHz",2048 MB ,1080 x 1920 pixels,http://www.phonearena.com/phones/Samsung-Galaxy-Note-3_id7984,168 g
 Samsung Galaxy Note 4,http://www.phonetipsandtricks.com/tips/samsung-galaxy-note-4/,ItchgbjqsM4?list=PLD228B91CC610B805,32GB - Gold - AT&T*delim*32GB - White - T-Mobile*delim*32GB - White - AT&T*delim*32GB - Gold - T-Mobile*delim*32GB - White - Sprint*delim*32GB - Black - Sprint*delim*32GB - Black - Verizon*delim*32GB - White - Verizon*delim*32GB - Black - AT&T*delim*32GB - Black - T-Mobile,495*delim*374*delim*339*delim*495*delim*240*delim*299*delim*260*delim*349*delim*319*delim*405,http://assets3.glyde.com/static/65B7A20852D1CC61C8311F5C619B0E5E6381E702/images/phones/103x200/12078193p.jpg*delim*http://assets0.glyde.com/static/C8B40564445CDEB077645C6EF12D85BA7C468537/images/phones/118x200/12078156p.jpg*delim*http://assets3.glyde.com/static/86923AFB512224B918B21B99DF22D99D58E62973/images/phones/103x200/12078188p.jpg*delim*http://assets2.glyde.com/static/B6E94A94DC3BDD606D5648028275443C38D8E366/images/phones/103x200/12078196p.jpg*delim*http://assets0.glyde.com/static/5AF2520C3B18AFC43C708C197EADFDD43CD3DF59/images/phones/97x200/12077546p.jpg*delim*http://assets1.glyde.com/static/C6DEA35E45DD2C08B3728A66367CFFB7ABF7EB27/images/phones/102x200/12077553p.jpg*delim*http://assets2.glyde.com/static/CAFA07D2811F3233B1E328BEAFA411ED1F175C20/images/phones/102x200/12077549p.jpg*delim*http://assets3.glyde.com/static/E23E8DDE5FCA076A63A6A3BC5109ACB0F227D009/images/phones/102x200/12077551p.jpg*delim*http://assets2.glyde.com/static/05D905C5F2CF572E6230B9A9A7C96EAE688FA571/images/phones/104x200/12077552p.jpg*delim*http://assets1.glyde.com/static/9FBBD37008DF432EB2B1D4F2F3C0155A296EF671/images/phones/101x200/12077486p.jpg,5-Sep-14,3200mAh,16 megapixels,Released,5.95 x 3.12 x 0.33 inches,5.7 inches,http://i-cdn.phonearena.com/images/phones/42834-specs/Samsung-Galaxy-Note-3.jpg, Multi-touch,32 GB," Android (5.0, 4.4.4, 4.4, 4.3)","Quad-core, 2300MHz",3072 MB,1080 x 1920 pixels,http://www.phonearena.com/phones/Samsung-Galaxy-Note-3_id7985,170 g
 Nokia Lumia 920,http://www.phonetipsandtricks.com/tips/nokia-lumia-920/,kSEmvAjbJZI?list=PLD228B91CC610B805,920 - Blue - AT&T*delim*920 - Yellow - AT&T*delim*920 - Red - AT&T*delim*920 - White - AT&T*delim*920 - Black - AT&T,98*delim*99*delim*82*delim*93*delim*80,http://assets3.glyde.com/static/1D4DEC27F0A641DE117941F48CC2A5E7BABF8EDB/images/phones/109x200/12074663p.jpg*delim*http://assets0.glyde.com/static/B80400DC340B2B5D84A5F568D75A9DCD1AC41813/images/phones/109x200/12074664p.jpg*delim*http://assets2.glyde.com/static/E99E66E9C827A4D922B4BC790A9856E860AE3032/images/phones/101x200/12077393p.jpg*delim*http://assets3.glyde.com/static/2EFC31A3378D8711634079DD98CAC7887ACF5AC8/images/phones/108x200/12075375p.jpg*delim*http://assets3.glyde.com/static/0D7EC1E288D584424A383043E3D0C94B6D57AFBD/images/phones/108x200/12075379p.jpg,5-Sep-12,2800mAh,13 megapixels,Released, 4.53 x 2.60 x 0.41 inches,,http://i-cdn.phonearena.com/images/phones/37940-specs/Nokia-Lumia-920.jpg, Multi-touch,16 GB/32 GB/64 GB, Windows Phone 8," Dual-core, 1200 MHz, ARM Cortex-A9",, 720 x 1280 pixels,http://www.phonearena.com/phones/Nokia-Lumia-920_id7471,127 g
 Nokia Lumia 810,http://www.phonetipsandtricks.com/tips/nokia-lumia-810/,mEF_fUWxzow?list=PLD228B91CC610B805,810 - Black - T-Mobile,73,http://assets3.glyde.com/static/A7A4B7E53170902FEC9C64C8BF27763F375450F7/images/phones/103x200/12076348p.jpg,9-Oct-12,2100mAh,8 megapixels,Released, 5.03 x 2.69 x 0.43 inches, 4.3 inches,http://i-cdn.phonearena.com/images/phones/38459-specs/Nokia-Lumia-810.jpg, Multi-touch,16 GB/32 GB/64 GB, Windows Phone 8," Dual-core, 1500 MHz, Krait",1024 MB , 480 x 800 pixels,http://www.phonearena.com/phones/Nokia-Lumia-810_id7533,145 g
 Nokia Lumia 925,http://www.phonetipsandtricks.com/tips/nokia-lumia-925/,CntfUc_Sd1c?list=PLBsP89CPrMeNm71T5gYC6jebm9vPbLBiP,16GB  - Black - T-Mobile*delim*16GB  - Grey - T-Mobile*delim*16GB  -White - T-Mobile,131*delim*164*delim*105,http://assets3.glyde.com/static/4022C5061D65F6699D07210B0B9E4C7432CA1FA7/images/phones/102x200/12075472p.jpg*delim*http://assets3.glyde.com/static/EA08CF3F1DE07ECC77E79A0C707E23AC9201E476/images/phones/99x200/12075536p.jpg*delim*http://assets0.glyde.com/static/95F0862FF7F1A11C648CFEEA557DAE574A4F1512/images/phones/99x200/12075533p.jpg,14-May-13,2100mAh,13 megapixels,Released, 4.53 x 2.60 x 0.41 inches, 4.3 inches,http://i-cdn.phonearena.com/images/phones/40888-specs/Nokia-Lumia-925.jpg, Multi-touch,16 GB/32 GB/64 GB, Windows Phone 8," Dual-core, 1200 MHz, ARM Cortex-A9",, 720 x 1280 pixels,http://www.phonearena.com/phones/Nokia-Lumia-925_id7850,137 g
 Nokia Lumia 1020,http://www.phonetipsandtricks.com/tips/nokia-lumia-1020/,Fi1JUykQBKw?list=PLBsP89CPrMeNm71T5gYC6jebm9vPbLBiP,1020 - Yellow - AT&T*delim*1020 - White - AT&T*delim*1020 - Black - AT&T,215*delim*128*delim*117,http://assets1.glyde.com/static/98A26850A8747C95DF61708F5308C09AC10F3FA1/images/phones/105x200/12077501p.jpg*delim*http://assets0.glyde.com/static/EF824B7921AF30F1607347E189E0A46FA086941D/images/phones/109x200/12077368p.jpg*delim*http://assets3.glyde.com/static/C0D7FBAF553355AFCAC0080E9CE190C1A6838128/images/phones/112x200/12076236p.jpg,22-Oct-12,3400mAh,16 megapixels,Released,6.41 x 3.36 x 0.34 inches,6.0 inches,http://i-cdn.phonearena.com/images/phones/43393-xlarge/Nokia-Lumia-1520.jpg, Multi-touch,32GB,Windows 10,"Quad-core, 2200 MHz",2048 MB,1440 x 2560 pixels,http://www.phonearena.com/phones/Nokia-Lumia-1520_id8109,209 g
 Nokia Lumia 928,http://www.phonetipsandtricks.com/tips/nokia-lumia-928/,xlzPSm1O7yc?list=PLD228B91CC610B805,32GB - White - Verizon*delim*32GB - Black - Verizon,86*delim*129,http://assets3.glyde.com/static/E263C6639B440FEA7AA3731AD8FD38547D94133C/images/phones/107x200/12077518p.jpg*delim*http://assets2.glyde.com/static/020C48C70244AC60BA2304AC154AEB0755DADC95/images/phones/99x200/12075535p.jpg,10-May-13,2100mAh,8.7 megapixels,Released, 5.24 x 2.71 x 0.40 inches, 4.5 inches,http://i-cdn.phonearena.com/images/phones/40864-specs/Nokia-Lumia-928.jpg, Multi-touch,16 GB/32 GB/64 GB, Windows Phone 8," Dual-core, 1500 MHz, Krait",1024 MB , 768 x 1280 pixels,http://www.phonearena.com/phones/Nokia-Lumia-928_id7765,162 g
 Samsung Galaxy S5,http://www.phonetipsandtricks.com/tips/samsung-galaxy-s5/,z8gOX35dAfc?list=PLBsP89CPrMeNm71T5gYC6jebm9vPbLBiP,16GB - Gold - Verizon,279,http://assets0.glyde.com/static/AF43A09C903C29D057A6D56B9DFE9D35E70D9220/images/phones/105x200/12077265p.jpg,24-Feb-14,2800mAh,8 megapixels,Released, 5.59 x 2.85 x 0.32 inches, 5.1 inches,http://i-cdn.phonearena.com/images/phones/45741-specs/Samsung-Galaxy-S5.jpg, Multi-touch,16 GB/32 GB/64 GB," Android (5.0, 4.4.2) TouchWiz UI"," Dual-core, 1200 MHz, ARM Cortex-A9",2048 MB , 1080 x 1920 pixels,http://www.phonearena.com/phones/Samsung-Galaxy-S5_id8202,145 g
 HTC One X,http://www.phonetipsandtricks.com/tips/htc-one-x/,yLZrBuNBQWc?list=PLBsP89CPrMeNm71T5gYC6jebm9vPbLBiP,Grey - AT&T*delim*White - AT&T,130*delim*99,http://assets1.glyde.com/static/E529F80C8F5DD5BFA2AA2B05E840BC542B5617AE/images/phones/109x200/12065410p.jpg*delim*http://assets0.glyde.com/static/BCF24471078A542ADF0D3AEE4DA76BDBE582FF0A/images/phones/100x200/12074562p.jpg,26-Feb-12,1800mAh,8 megapixels,Released, 4.53 x 2.60 x 0.41 inches,,http://i-cdn.phonearena.com/images/phones/35108-specs/HTC-One-X-AT-T.jpg, Multi-touch,16 GB/32 GB/64 GB," Android (4.2.2, 4.1, 4.0.4, 4.0.3) Sense 5 UI"," Dual-core, 1200 MHz, ARM Cortex-A9",, 720 x 1280 pixels,http://www.phonearena.com/phones/HTC-One-X-AT-T_id6549,132 g
 Nokia Lumia 710,http://www.phonetipsandtricks.com/tips/nokia-lumia-710/,WjZH_Pt7H0w?list=PLD228B91CC610B805,Black - T-Mobile*delim*White - T-Mobile,41*delim*45,http://assets3.glyde.com/static/0D22C1F80882BC84C441EA25B15C2D05688A0F97/images/phones/114x200/12056438p.jpg*delim*http://assets1.glyde.com/static/BCEC513C915A08B9AFEABDE86B0639D6738990C1/images/phones/115x200/12059166p.jpg,26-Oct-11,1810mAh,8 megapixels,Released, 4.69 x 2.46 x 0.49 inches,,http://i-cdn.phonearena.com/images/phones/31977-specs/Nokia-Lumia-710.jpg, Multi-touch,16 GB/32 GB/64 GB, Windows Phone 7.5 Mango Array UI," Dual-core, 1200 MHz, ARM Cortex-A9",, 720 x 1280 pixels,http://www.phonearena.com/phones/Nokia-Lumia-710_id6502,126 g
 Nokia Lumia 900,http://www.phonetipsandtricks.com/tips/nokia-lumia-900/,YJaZ2GZt4Aw?list=PLD228B91CC610B805,900 - White - AT&T*delim*900 - Cyan - AT&T*delim*900 - Black - AT&T,73*delim*43*delim*37,http://assets1.glyde.com/static/575F6DC40315C68220758B1753954D373011D7E9/images/phones/109x200/12065409p.jpg*delim*http://assets0.glyde.com/static/EBCE573173F7D4BDABBEAC1999682CAC4A5E667E/images/phones/106x200/12074560p.jpg*delim*http://assets2.glyde.com/static/6001AFA69D92A0523E5982E6357219C0B369748D/images/phones/107x200/12074561p.jpg,9-Jan-12,2200mAh,8 megapixels,Released, 4.53 x 2.60 x 0.41 inches,,http://i-cdn.phonearena.com/images/phones/34444-specs/Nokia-Lumia-900.jpg, Multi-touch,16 GB/32 GB/64 GB," Windows Phone 7.8, 7.5 Refresh, 7.5 Mango"," Dual-core, 1200 MHz, ARM Cortex-A9",, 720 x 1280 pixels,http://www.phonearena.com/phones/Nokia-Lumia-900_id6476,136 g
 Motorola Moto G,http://www.phonetipsandtricks.com/tips/motorola-moto-g/,KFD0Nm2dOHw?list=PLBsP89CPrMeNm71T5gYC6jebm9vPbLBiP,8GB - Black - T-Mobile*delim*8GB - Black - AT&T*delim*16GB - Black - AT&T,85*delim*80*delim*126,http://assets0.glyde.com/static/43052BD561634A368E469F138F641472A276C5A7/images/phones/103x200/12078787p.jpg*delim*http://assets1.glyde.com/static/569469F3BF736F36D17DDA0D2752771FDE69B77A/images/phones/103x200/12078788p.jpg*delim*http://assets3.glyde.com/static/C2CFA356F478C56F521DC9EE0B7F91AB83D82024/images/phones/110x200/12077512p.jpg,13-Nov-13,1810mAh,8 megapixels,Released, 5.11 x 2.59 x 0.46 inches, 4.5 inches,http://i-cdn.phonearena.com/images/phones/43971-specs/Motorola-Moto-G.jpg, Multi-touch,16 GB/32 GB/64 GB," Android (5.0, 4.4.4, 4.4.3, 4.4.2, 4.4, 4.3)"," Dual-core, 1200 MHz, ARM Cortex-A9",1024 MB , 720 x 1280 pixels,http://www.phonearena.com/phones/Motorola-Moto-G_id8208,143 g
 Samsung Galaxy S4,http://www.phonetipsandtricks.com/tips/samsung-galaxy-s4/,rYrWCk50a-Q?list=PLD228B91CC610B805,16GB - Brown - Verizon*delim*16GB - Blue - Verizon*delim*16GB - Purple - Sprint*delim*16GB - Red - AT&T*delim*16GB - White - Verizon*delim*32GB - Black - Verizon*delim*16GB - Black - Verizon*delim*16GB - White - T-Mobile*delim*16GB - Black - T-Mobile*delim*32GB - White - Verizon*delim*32GB - White - AT&T,139*delim*139*delim*199*delim*179*delim*100*delim*139*delim*101*delim*125*delim*125*delim*209*delim*223,http://assets1.glyde.com/static/BA294215ED7BAD065989DC103B6112C446C997BD/images/phones/105x200/12076344p.jpg*delim*http://assets1.glyde.com/static/7EF3F236BA6E8E191EC4F932E839DE054F4D635A/images/phones/105x200/12076340p.jpg*delim*http://assets2.glyde.com/static/E80C7DF4715221F07E0D5CE3A3851B7F1B7D56FA/images/phones/148x200/12076612p.jpg*delim*http://assets2.glyde.com/static/C44FE15030C7F8525334F63DD77E89B40D18B074/images/phones/103x200/12075542p.jpg*delim*http://assets0.glyde.com/static/8647C6959CBDD3C45B3BC8AD09CD30B113917D57/images/phones/102x200/12075527p.jpg*delim*http://assets3.glyde.com/static/1635D1D02938DFBF5D5086FC9BFA226B5ADCCE7D/images/phones/102x200/12075476p.jpg*delim*http://assets2.glyde.com/static/87D3FAB6D79D2EA4C99EF7B8AF0374A78B1F38A6/images/phones/102x200/12075475p.jpg*delim*http://assets3.glyde.com/static/C1967B99CC4384E12AE764A729666844CF1B8DBB/images/phones/99x200/12075532p.jpg*delim*http://assets0.glyde.com/static/B0D1CA01EE5EEABA42D53FC541FD80984B33688D/images/phones/96x200/12075369p.jpg*delim*http://assets2.glyde.com/static/A1C54B510A04866C1128417537BCF0B713798652/images/phones/96x200/12075372p.jpg*delim*http://assets3.glyde.com/static/792C4619B76D1DDD7E9FA0C22A1103BF4BEFBDE6/images/phones/96x200/12075368p.jpg,14-Mar-13,2300mAh,8 megapixels,Released, 4.53 x 2.60 x 0.41 inches,,http://i-cdn.phonearena.com/images/phones/39932-specs/Samsung-Galaxy-S4.jpg, Multi-touch,32 GB," Android (5.0, 4.4.2, 4.3, 4.2.2)"," Dual-core, 1200 MHz, ARM Cortex-A9",2048 MB , 720 x 1280 pixels,http://www.phonearena.com/phones/Samsung-Galaxy-S4_id7597,111 g
 HTC One,http://www.phonetipsandtricks.com/tips/htc-one/,KF75-HPdUfY?list=PLBsP89CPrMeNm71T5gYC6jebm9vPbLBiP,32GB - Silver - Verizon*delim*32GB  - Black - Sprint,149*delim*65,http://assets2.glyde.com/static/E1C66866C3EB3CDAE9BF3A3678CF7CB91C66D2D9/images/phones/148x200/12076616p.jpg*delim*http://assets0.glyde.com/static/79344498C9BF18478BD80EE6DE45623493F41788/images/phones/109x200/12074578p.jpg,19-Feb-13,1810mAh,8 megapixels,Released, 5.41 x 2.69 x 0.37 inches, 4.7 inches,http://i-cdn.phonearena.com/images/phones/39755-specs/HTC-One.jpg, Multi-touch,16 GB/32 GB/64 GB," Android (5.0, 4.4.3, 4.4.2, 4.3, 4.2.2, 4.1.2) Sense 5.0 UI"," Dual-core, 1200 MHz, ARM Cortex-A9",2048 MB , 1080 x 1920 pixels,http://www.phonearena.com/phones/HTC-One_id7678,143 g
 HTC One Max,http://www.phonetipsandtricks.com/tips/htc-one-max/,2dDDWZH9rRE?list=PLD228B91CC610B805,32GB - Silver - Verizon,222,http://assets0.glyde.com/static/FED177E9CA69AB6E413E0BD3492C0A4D150A7875/images/phones/110x200/12077513p.jpg,18-Jul-13,1800mAh,8 megapixels,Released, 4.53 x 2.60 x 0.41 inches,,http://i-cdn.phonearena.com/images/phones/41961-specs/HTC-One-mini.jpg, Multi-touch,16 GB/32 GB/64 GB," Android (4.4, 4.2.2) Sense UI"," Dual-core, 1200 MHz, ARM Cortex-A9",, 720 x 1280 pixels,http://www.phonearena.com/phones/HTC-One-mini_id7702,145 g
 Motorola Droid Ultra,http://www.phonetipsandtricks.com/tips/motorola-droid-ultra/,ABq1qm1gZpE?list=PLD228B91CC610B805,16GB - White - Verizon*delim*16GB - Black - Verizon*delim*16GB - Red - Verizon,153*delim*115*delim*116,http://assets0.glyde.com/static/BC8D7E334BA65A16AFA086DFE8EF761424000F51/images/phones/109x200/12076635p.jpg*delim*http://assets1.glyde.com/static/8F8BFE673B1791047D03FF39EA8479A207F815B7/images/phones/111x200/12077490p.jpg*delim*http://assets3.glyde.com/static/4E2BBCCC0CB5383AE3D60959BB3839DBA6F2CFEF/images/phones/99x200/12076382p.jpg,23-Jul-13,1810mAh,8 megapixels,Released, 5.41 x 2.80 x 0.28 inches, 5.0 inches,http://i-cdn.phonearena.com/images/phones/42065-specs/Motorola-DROID-Ultra.jpg, Multi-touch,16 GB/32 GB/64 GB," Android (4.4.4, 4.4, 4.2.2)"," Dual-core, 1200 MHz, ARM Cortex-A9",, 720 x 1280 pixels,http://www.phonearena.com/phones/Motorola-DROID-Ultra_id7972,137 g
 Motorola Droid RAZR MAXX,http://www.phonetipsandtricks.com/tips/motorola-droid-razr-maxx/,BCzn8SZMEaw?list=PLD228B91CC610B805,Black - Verizon,66,http://assets0.glyde.com/static/A597816198673FE04BE5B2679B0941CAE834D189/images/phones/104x200/12056441p.jpg,5-Sep-12,1800mAh,8 megapixels,Released, 5.19 x 2.67 x 0.37 inches,,http://i-cdn.phonearena.com/images/phones/37947-specs/Motorola-DROID-RAZR-MAXX-HD.jpg, Multi-touch,16 GB/32 GB/64 GB," Android (4.4.2, 4.1, 4.0.4)"," Dual-core, 1200 MHz, ARM Cortex-A9",,,http://www.phonearena.com/phones/Motorola-DROID-RAZR-MAXX-HD_id7484,157 g
 Motorola Moto X,http://www.phonetipsandtricks.com/tips/motorola-moto-x/,CJTlB_S7ct0?list=PLBsP89CPrMeNm71T5gYC6jebm9vPbLBiP,32GB - White - Verizon*delim*32GB - Black - Verizon*delim*16GB - Black - Sprint*delim*16GB - Black - AT&T*delim*16GB - Black - Verizon*delim*16GB - White - AT&T*delim*16GB - White - Verizon,112*delim*147*delim*110*delim*117*delim*89*delim*117*delim*130,http://assets1.glyde.com/static/D968123A438C0E4C0A3F03D563556A08E07519A6/images/phones/148x200/12076615p.jpg*delim*http://assets3.glyde.com/static/0488F54AE0A2E3D890FD8E0DA4013E8721FA4139/images/phones/148x200/12076613p.jpg*delim*http://assets0.glyde.com/static/AAFF73E895FC63FCB894BCD3D875144904D4CD3E/images/phones/110x200/12076231p.jpg*delim*http://assets3.glyde.com/static/DC63D7E7537034C9BD8A1521086B7DB9F2BB17F4/images/phones/110x200/12076230p.jpg*delim*http://assets1.glyde.com/static/AA994B341575A93C107D0FCA7CEBD0EFCEEF3103/images/phones/144x200/12076611p.jpg*delim*http://assets3.glyde.com/static/A370003EBA6CC4A4526947C894EDB50E28B244CA/images/phones/131x200/12076626p.jpg*delim*http://assets1.glyde.com/static/87FB4E72D185F8D037F21BCF3503EE368884A623/images/phones/112x200/12076234p.jpg,1-Aug-13,1810mAh,8 megapixels,Released, 5.09 x 2.57 x 0.41 inches, 4.7 inches,http://i-cdn.phonearena.com/images/phones/42274-specs/Motorola-Moto-X.jpg, Multi-touch,16 GB/32 GB/64 GB," Android (5.1, 4.4.4, 4.4.3, 4.4.2, 4.4, 4.3, 4.2.2)"," Dual-core, 1200 MHz, ARM Cortex-A9",2048 MB , 720 x 1280 pixels,http://www.phonearena.com/phones/Motorola-Moto-X_id7885,130 g
 Motorola Droid RAZR,http://www.phonetipsandtricks.com/tips/motorola-droid-razr/,ATkojRcew2A?list=PLD228B91CC610B805,Black - Verizon*delim*White - Verizon,73*delim*119,http://assets0.glyde.com/static/455178BEF7D95746C72B297EEB27820E82E659ED/images/phones/96x200/12068947p.jpg*delim*http://assets0.glyde.com/static/88D1B946CC7035767726B9836B9C9963342AE641/images/phones/96x200/12068938p.jpg,18-Oct-11,1800mAh,8 megapixels,Released, 5.15 x 2.71 x 0.28 inches, 4.3 inches,http://i-cdn.phonearena.com/images/phones/31936-specs/Motorola-RAZR.jpg, Multi-touch,16 GB/32 GB/64 GB," Android (4.1.2, 4.0.4, 2.3.5)"," Dual-core, 1200 MHz, ARM Cortex-A9",1024 MB , 540 x 960 pixels,http://www.phonearena.com/phones/Motorola-RAZR_id6503,127 g
 Blackberry Bold 9900 / 9930,http://www.phonetipsandtricks.com/tips/blackberry-bold-9900-9930/,Wwzor4bry9I?list=PLD228B91CC610B805,9900 - AT&T*delim*9930 - Sprint*delim*9900 - T-Mobile*delim*9650 - Sprint,40*delim*67*delim*53*delim*27,http://assets0.glyde.com/static/269E85C15A992A6004880771497643C4BF0AA86B/images/phones/107x200/12055614p.jpg*delim*http://assets1.glyde.com/static/3B02B30C79F5892909980D3BD71B2BA2C637F2E0/images/phones/115x200/12056431p.jpg*delim*http://assets0.glyde.com/static/15C5D22D62F4977CB4C7F09B611108897D9139DC/images/phones/115x200/12059165p.jpg*delim*http://assets1.glyde.com/static/ADE9362B84D92BDD7812B9892A694C54722988B5/images/phones/102x200/12048052p.jpg,2-May-11,1810mAh,5 megapixels,Released, 4.53 x 2.60 x 0.41 inches, 2.8 inches,http://i-cdn.phonearena.com/images/phones/28482-specs/BlackBerry-Bold-9900.jpg, Multi-touch,16 GB/32 GB/64 GB," BlackBerry (7.1, 7)"," Dual-core, 1200 MHz, ARM Cortex-A9",, 640 x 480 pixels,http://www.phonearena.com/phones/BlackBerry-Bold-9900_id5141,130 g
 HTC One M8,http://www.phonetipsandtricks.com/tips/htc-one-m8/,MFmJZND8Qy4?list=PLD228B91CC610B805,32GB - Grey - AT&T*delim*32GB - Grey - Verizon,197*delim*155,http://assets0.glyde.com/static/14665F1E26D02CCD4BD08AC0242AC3470A9386E7/images/phones/104x200/12077550p.jpg*delim*http://assets3.glyde.com/static/1BD4E202199AF21843072139668FE40469B11E39/images/phones/102x200/12077559p.jpg,19-Aug-14,1800mAh,8 megapixels,Released, 4.53 x 2.60 x 0.41 inches, 4.3 inches,http://i-cdn.phonearena.com/images/phones/48620-specs/HTC-One-M8-for-Windows.jpg, Multi-touch,16 GB/32 GB/64 GB, Windows Phone 8.1," Dual-core, 1200 MHz, ARM Cortex-A9",,,http://www.phonearena.com/phones/HTC-One-M8-for-Windows_id8796,126 g
 HTC One M9,http://www.phonetipsandtricks.com/tips/htc-one-m9/,eYENVZFDqWk?list=PLD228B91CC610B805,32GB - Gray - AT&T*delim*32GB - Silver - T-Mobile*delim*32GB - Gray - T-Mobile*delim*32GB - Gray - Sprint*delim*32GB - Silver - Sprint*delim*32GB - Silver - Verizon*delim*32GB - Silver - AT&T*delim*32GB - Gray - Verizon,425*delim*450*delim*391*delim*499*delim*513*delim*475*delim*412*delim*416,http://assets2.glyde.com/static/C3E932F995B089E3DC2ACEC3BF161FD7450D93F9/images/phones/106x200/12078773p.jpg*delim*http://assets3.glyde.com/static/520A2DBDA077A44C9377BB5A4D2768108E404DFB/images/phones/106x200/12078769p.jpg*delim*http://assets0.glyde.com/static/94FDE465EA8CCD634876C0DE59310E5D0EB49A18/images/phones/106x200/12078766p.jpg*delim*http://assets1.glyde.com/static/09159E8FDF2A82342BB2E6983D77AA5CD3EC7C45/images/phones/106x200/12078772p.jpg*delim*http://assets2.glyde.com/static/AB0B53E43D05C70D5461D2CB47357EC6B45EA7A4/images/phones/103x200/12078785p.jpg*delim*http://assets2.glyde.com/static/E08AD954682255F36F65EBD6E57E328D06ECEFCC/images/phones/106x200/12078764p.jpg*delim*http://assets3.glyde.com/static/267C7F9309840C64326E7DDAC8C73FEAEDC2F9B4/images/phones/106x200/12078765p.jpg*delim*http://assets3.glyde.com/static/672E49F84D34B0C5B2F99728F3F2D524FA33A7C7/images/phones/106x200/12078761p.jpg,19-Aug-14,2840mAh,8 megapixels,Released,5.69 x 2.74 x 0.38 inches,5 inches,http://i-cdn.phonearena.com/images/phones/51937-xlarge/HTC-One-M9.jpg, Multi-touch,16 GB/32 GB/64 GB,"Android (5.1, 5.0)","Octa-core, 2000 MHz,",3072 MB, 720 x 1280 pixels,http://www.phonearena.com/phones/HTC-One-M8-for-Windows_id8796,150 g
 Samsung Galaxy Note 2,http://www.phonetipsandtricks.com/tips/samsung-galaxy-note-2/,VdsMwGWvhO4?list=PLBsP89CPrMeNm71T5gYC6jebm9vPbLBiP,16GB - White - T-Mobile*delim*16GB - White - Sprint*delim*16GB - Gray - Sprint*delim*16GB - Gray - Verizon*delim*16GB - Gray - T-Mobile*delim*16GB - White - Verizon*delim*16GB - Gray - AT&T*delim*16GB - White - AT&T,214*delim*215*delim*240*delim*129*delim*129*delim*144*delim*129*delim*149,http://assets1.glyde.com/static/800F5DBA830DBCE54FA192490427BCC8190982A0/images/phones/104x200/12074680p.jpg*delim*http://assets0.glyde.com/static/87D5196DB44A0AAF7869A74DE5049586C8454B4A/images/phones/104x200/12074678p.jpg*delim*http://assets1.glyde.com/static/B9B583EC54D29FFFFA356DA6E1001E3EEF697A12/images/phones/96x200/12068935p.jpg*delim*http://assets0.glyde.com/static/66BAA11F6D398335C61B22D742FFF8E7B4508656/images/phones/96x200/12068943p.jpg*delim*http://assets3.glyde.com/static/EFD92E6EDCB4039D835365E297A8D15A3A67FC58/images/phones/96x200/12068946p.jpg*delim*http://assets1.glyde.com/static/30D27DA22760065EBF54B7E3AC037D4C384320C6/images/phones/96x200/12068944p.jpg*delim*http://assets3.glyde.com/static/28434C5443162320752F49D5A20D38A751970997/images/phones/96x200/12068933p.jpg*delim*http://assets2.glyde.com/static/DF809CE2C8C41FF87EB8F20E1590495A4E3D0FDD/images/phones/96x200/12068941p.jpg,19-Sep-12,1500mAh,8 megapixels,Released, 5.94 x 3.17 x 0.37 inches, 5.5 inches,http://i-cdn.phonearena.com/images/phones/38014-specs/Samsung-GALAXY-Note-II-Verizon.jpg, Multi-touch,16 GB/32 GB/64 GB," Android (4.4.2, 4.1)"," Quad-core, 1600 MHz, ARM Cortex-A9",2048 MB , 720 x 1280 pixels,http://www.phonearena.com/phones/Samsung-GALAXY-Note-II-Verizon_id7494,182 g
Apple iPhone 4,http://www.phonetipsandtricks.com/tips/apple-iphone-4/,1mtvJ01vjDg?list=PLD228B91CC610B805,8GB - Black - Sprint*delim*8GB - White - Sprint*delim*32GB - White - Verizon*delim*32GB - White - AT&T*delim*16GB - White - Verizon*delim*16GB - White - AT&T*delim*8GB - Black - Verizon*delim*8GB - White - AT&T*delim*8GB - Black - AT&T*delim*8GB - White - Verizon*delim*16GB - Black - Verizon*delim*32GB - Black - Verizon,85*delim*110*delim*140*delim*290*delim*110*delim*99*delim*38*delim*74*delim*79*delim*35*delim*51*delim*49,http://assets1.glyde.com/static/26C84018BD23EF749D036651104926D867BA0C14/images/phones/102x200/12076567p.jpg*delim*http://assets2.glyde.com/static/B9C757B40369A8360D6949B60990C34B777E622C/images/phones/107x200/12056417p.jpg*delim*http://assets3.glyde.com/static/D94D73F0A270117CF412A4BC7E75677A7A57F1A4/images/phones/102x200/12048050p.jpg*delim*http://assets0.glyde.com/static/382D8CDA39F7B7E94519625D8A8E760E0415A4FC/images/phones/102x200/12048051p.jpg*delim*http://assets1.glyde.com/static/302BB13CBFEEDB528992E18C2910B4001F68F09F/images/phones/102x200/12055616p.jpg*delim*http://assets3.glyde.com/static/4511113AEA026AF6B944898BA089B00F293A3E2D/images/phones/102x200/12055618p.jpg*delim*http://assets0.glyde.com/static/570C7B7B5AD8435C6EB64687C25FEE5B556FF478/images/phones/102x200/12055615p.jpg*delim*http://assets1.glyde.com/static/7C94FDFDA11EF18AE103747C0A09B6837E9E8A56/images/phones/109x200/12074580p.jpg*delim*http://assets0.glyde.com/static/981DA6DDA8AD17CD01742B41F2E2CBF52621A24A/images/phones/109x200/12059157p.jpg*delim*http://assets1.glyde.com/static/9BA462B95A7E5A5EC8FB640E08B22628356A26EA/images/phones/109x200/12059158p.jpg*delim*http://assets1.glyde.com/static/535076889CCFF79664FD8E1C7196C4DE4929B0B9/images/phones/102x200/12059153p.jpg*delim*http://assets2.glyde.com/static/95210BD76643CCCEB6FC5792AC4DF72A04359815/images/phones/102x200/12061768p.jpg,,1500mAh,5 megapixels,Released, 4.54 x 2.31 x 0.37 inches, 3.5 inches,http://i-cdn.phonearena.com/images/phones/26122-specs/Apple-iPhone-4-Verizon.jpg, Multi-touch,16 GB/32 GB/64 GB," iOS (7.x, 6.1, 6, 5.1, 5, 4.x)"," Single core, 1000 MHz, ARM Cortex-A8",512 MB , 640 x 960 pixels,http://www.phonearena.com/phones/Apple-iPhone-4-Verizon_id5132,137 g
Apple iPhone 5c,http://www.phonetipsandtricks.com/tips/apple-iphone-5c/,sxlavatJR34,32GB - Green - Sprint*delim*16GB - Green - Sprint*delim*32GB - White - Sprint*delim*8GB - Pink - T-Mobile*delim*8GB - Green - T-Mobile*delim*32GB - Green - Verizon*delim*8GB - Green - Verizon*delim*16GB - Pink - AT&T*delim*16GB - Pink - Sprint*delim*16GB - Green - T-Mobile*delim*8GB - Blue - Verizon*delim*16GB - White - T-Mobile*delim*16GB - Blue - Sprint*delim*8GB - Blue - AT&T*delim*16GB - Yellow - Verizon*delim*8GB - Pink - Sprint*delim*8GB - White - Sprint*delim*16GB - Pink - Verizon*delim*8GB - White - Verizon*delim*16GB - Green - AT&T*delim*8GB - Pink - AT&T*delim*8GB - White - AT&T*delim*16GB - Blue - Verizon*delim*8GB - Green - AT&T*delim*16GB - Yellow - AT&T*delim*16GB - White - Verizon*delim*16GB - Green - Verizon*delim*16GB - White - AT&T*delim*16GB - Blue - AT&T,299*delim*239*delim*274*delim*199*delim*199*delim*235*delim*175*delim*165*delim*179*delim*229*delim*175*delim*181*delim*179*delim*179*delim*170*delim*175*delim*142*delim*170*delim*169*delim*200*delim*161*delim*145*delim*189*delim*145*delim*165*delim*161*delim*170*delim*149*delim*165,http://assets3.glyde.com/static/4FE5DBDC317B00B8A5932A79137D5E01ECB6C408/images/phones/95x200/12076265p.jpg*delim*http://assets1.glyde.com/static/14F77B83F7F954CF26AB956D9C24C4324527504D/images/phones/96x200/12076321p.jpg*delim*http://assets1.glyde.com/static/2E724F8C9034AD06B36C4579155361ED96E0934C/images/phones/95x200/12076276p.jpg*delim*http://assets3.glyde.com/static/0E414E59EC92AAFDAAA714FD768A82BD9EEE34BD/images/phones/96x200/12076305p.jpg*delim*http://assets2.glyde.com/static/432C74D62E3F6DF729110B45AB26411C288B9484/images/phones/96x200/12076290p.jpg*delim*http://assets1.glyde.com/static/C6ADD241856BBEE2D5F0C9AED2E9B42F9B7412F2/images/phones/96x200/12076297p.jpg*delim*http://assets2.glyde.com/static/D72A28CBBE931BE4C0AC672D9C5FA5D4814FB094/images/phones/96x200/12078166p.jpg*delim*http://assets1.glyde.com/static/D33AA645A767988956D4F39947C1536E2C4365F0/images/phones/96x200/12076316p.jpg*delim*http://assets2.glyde.com/static/89E8DF0643C211F05040A29348738CC5A65BD502/images/phones/96x200/12076298p.jpg*delim*http://assets2.glyde.com/static/55C90C48A9C6CD23A5A57C9D46785690A3DDF744/images/phones/96x200/12078162p.jpg*delim*http://assets0.glyde.com/static/CF3F2CAEE5EC40ABB5E32A019C9D98A7C8B5FE4E/images/phones/96x200/12076306p.jpg*delim*http://assets0.glyde.com/static/8B301214D2BB15BA264A29B17B5CAA1FE10CF6CD/images/phones/96x200/12078160p.jpg*delim*http://assets2.glyde.com/static/609E2F5E29E6DA21A01D077CCA92E90978C10C74/images/phones/95x200/12076259p.jpg*delim*http://assets0.glyde.com/static/53A855DD0EDDD6F26E6E1B77A990E3D48F8825ED/images/phones/95x200/12076253p.jpg*delim*http://assets0.glyde.com/static/D534C9BE7F9B2D2BD8D60CFD655FE2C3E36FE2C9/images/phones/96x200/12078177p.jpg*delim*http://assets0.glyde.com/static/24FF908CB79751076F37E70FB98187703FF17346/images/phones/95x200/12076275p.jpg*delim*http://assets0.glyde.com/static/288535A78516D09D07565653CA91C62B26A15FD4/images/phones/96x200/12076292p.jpg*delim*http://assets3.glyde.com/static/8EFEEAE38E0DBB869721BAB248ACA7392D2E660E/images/phones/96x200/12078176p.jpg*delim*http://assets0.glyde.com/static/CFB50980C424DEFCF4D00D524CD211BECF7E8323/images/phones/95x200/12076257p.jpg*delim*http://assets3.glyde.com/static/B3666E1505CFB094EFE91BADC9D342540967D56F/images/phones/95x200/12076252p.jpg*delim*http://assets0.glyde.com/static/5482BA7C1CD823CE5E02498FC138D0D704CB4120/images/phones/96x200/12078164p.jpg*delim*http://assets2.glyde.com/static/1A64ABF9526464E5B66AC14A0234B1E4BCA2639B/images/phones/96x200/12076308p.jpg*delim*http://assets2.glyde.com/static/C3E5EDB60914BEAB2FEB8EE1CD414787A2CD0EB7/images/phones/95x200/12076260p.jpg*delim*http://assets3.glyde.com/static/3C5FAFB677DC2523373BC6EEEFCD750CA5161311/images/phones/95x200/12076261p.jpg*delim*http://assets0.glyde.com/static/6D9632CD0B6B494693FDDDBECF80761296E163F2/images/phones/95x200/12076262p.jpg*delim*http://assets1.glyde.com/static/922ED4879719721DD0F9842DAC020D289E80DC20/images/phones/95x200/12076272p.jpg*delim*http://assets0.glyde.com/static/DB8F410A7412DFA878339FA32EF5714AEE5B9B20/images/phones/102x200/12076351p.jpg*delim*http://assets0.glyde.com/static/91BFD40AE60D778517012AD0BFD653C64D2D9445/images/phones/106x200/12077493p.jpg*delim*http://assets2.glyde.com/static/F58E003D11548CC7FF546830545068BBB0904738/images/phones/107x200/12077386p.jpg,,1500mAh,8 megapixels,Released, 4.90 x 2.33 x 0.35 inches, 4.0 inches,http://i-cdn.phonearena.com/images/phones/42880-specs/Apple-iPhone-5c.jpg, Multi-touch,16 GB/32 GB/64 GB," iOS (9.x, 8.x, 7.x)"," Dual-core, 1300 MHz, Swift",1016 MB , 640 x 1136 pixels,http://www.phonearena.com/phones/Apple-iPhone-5c_id7983,132 g
Apple iPhone 6,http://www.phonetipsandtricks.com/tips/apple-iphone-5s/,61TAqY03xwk?list=PLBsP89CPrMeNm71T5gYC6jebm9vPbLBiP,16GB - Space Gray - Verizon*delim*64GB - Silver - Verizon*delim*64GB - Space Gray - T-Mobile*delim*16GB - Gold - AT&T*delim*16GB - Gold - Verizon*delim*64GB - Space Gray - AT&T*delim*64GB - Space Gray - Verizon*delim*128GB - Space Gray - T-Mobile*delim*16GB - Space Gray - T-Mobile*delim*16GB - Silver - Verizon*delim*128GB - Gold - AT&T*delim*16GB - Gold - T-Mobile*delim*128GB - Space Gray - AT&T*delim*64GB - Space Gray - Sprint*delim*128GB - Silver - Sprint*delim*128GB - Space Gray - Verizon*delim*128GB - Silver - AT&T*delim*128GB - Silver - T-Mobile*delim*64GB - Gold - T-Mobile*delim*128GB - Silver - Verizon*delim*128GB - Space Gray - Sprint*delim*64GB - Silver - T-Mobile,456*delim*580*delim*522*delim*358*delim*450*delim*495*delim*520*delim*417*delim*385*delim*520*delim*576*delim*453*delim*493*delim*599*delim*649*delim*592*delim*598*delim*719*delim*580*delim*597*delim*599*delim*580,http://assets3.glyde.com/static/720BF6ED90FD4E9CA3986109C2731974E8F1FBA9/images/phones/99x200/12077822p.jpg*delim*http://assets3.glyde.com/static/378AB2FC5AFF28CCEEFA705C920FA3BFF07A0FA2/images/phones/99x200/12077835p.jpg*delim*http://assets0.glyde.com/static/4199C67A7694BCC46BC5D3200957E4D7E48F5DDF/images/phones/108x200/12077860p.jpg*delim*http://assets1.glyde.com/static/93C3D108BC5C97236F3C2332A9F4ED830C768C21/images/phones/108x200/12077856p.jpg*delim*http://assets0.glyde.com/static/25EB208C520C2517A8B3E64650A666BE7B57F351/images/phones/99x200/12077823p.jpg*delim*http://assets0.glyde.com/static/4E9D84A29F6D315B82E0A5AB0F71F13DC07AE0FA/images/phones/108x200/12077859p.jpg*delim*http://assets1.glyde.com/static/381C1BD9EA22F264320B72CA8AA1B308638DD960/images/phones/99x200/12077828p.jpg*delim*http://assets0.glyde.com/static/C9DE8265AF66948B0D92C19E30750C071AEEE2AF/images/phones/99x200/12077845p.jpg*delim*http://assets2.glyde.com/static/C7EE29D2C0744E19AE1811A4406A9D8418B49652/images/phones/99x200/12077821p.jpg*delim*http://assets1.glyde.com/static/BC3A4A2C643C3785A8BFEF8B7C56E5CFC87CF09D/images/phones/106x200/12077876p.jpg*delim*http://assets2.glyde.com/static/A4501DCAEA0EC12244F3404B478A744A3453B069/images/phones/103x200/12078211p.jpg*delim*http://assets3.glyde.com/static/90F1724671424118E123852DF5C7B73CBB087184/images/phones/103x200/12078212p.jpg*delim*http://assets3.glyde.com/static/52011FBA0E49DAC4245EAD61A8323645B4CD14F3/images/phones/103x200/12078216p.jpg*delim*http://assets0.glyde.com/static/AFBC8D7AFFEA34FE8785F186423D54ACCC91640E/images/phones/104x200/12077882p.jpg*delim*http://assets2.glyde.com/static/E3793EF3930AEA1B05C07ED1FFA4395F13D7A50F/images/phones/108x200/12077866p.jpg*delim*http://assets0.glyde.com/static/42A556C4CC03F4204CCA67F70A768856241C35C6/images/phones/99x200/12077841p.jpg*delim*http://assets1.glyde.com/static/17B94FA22338BE26162988D03113DA055BBB3B10/images/phones/104x200/12077883p.jpg*delim*http://assets1.glyde.com/static/2991F90D345137BC48C7560D22F3E1D97312ABBA/images/phones/106x200/12077867p.jpg*delim*http://assets3.glyde.com/static/DEE8503094B76EBF7861637E8506C2DDFFBF086D/images/phones/99x200/12077840p.jpg*delim*http://assets0.glyde.com/static/220C4000BA997CD02438FEFCACAE5E4C1D7DE4DE/images/phones/106x200/12077871p.jpg*delim*http://assets3.glyde.com/static/6C16CBFB997A2E8481BD0F427700A818C2982658/images/phones/99x200/12077848p.jpg*delim*http://assets2.glyde.com/static/74E1B87DC84B46B1299086B7CE7A0A49C90EEB68/images/phones/99x200/12077847p.jpg,,2400mAh,8 megapixels,Released, 5.44 x 2.64 x 0.27 inches, 4.7 inches,http://i-cdn.phonearena.com/images/phones/48955-specs/Apple-iPhone-6.jpg, Multi-touch,16 GB/32 GB/64 GB," iOS (9.x, 8.x)","Dual-core, 1400 MHz, Cyclone ARMv8-A 2nd gen., 64-bit",1024 MB , 750 x 1334 pixels,http://www.phonearena.com/phones/Apple-iPhone-6_id8346,129 g
Apple iPhone 6 Plus,http://www.phonetipsandtricks.com/tips/apple-iphone-5s/,Wwp9eaVVW_8?list=PLBsP89CPrMeNm71T5gYC6jebm9vPbLBiP,16GB - Gold - T-Mobile*delim*16GB - Gold - T-Mobile*delim*128GB - Space Gray - Verizon*delim*64GB - Space Gray - AT&T*delim*64GB - Space Gray - Verizon*delim*16GB - Silver - T-Mobile*delim*128GB - Gold - Verizon*delim*16GB - Gold - Sprint*delim*64GB - Gold - Sprint*delim*128GB - Silver - Verizon*delim*128GB - Gold - Sprint*delim*16GB - Space Gray - Sprint*delim*16GB - Gold - Verizon*delim*128GB - Space Gray - T-Mobile*delim*16GB - Silver - Verizon*delim*128GB - Silver - AT&T*delim*128GB - Space Gray - AT&T*delim*64GB - Gold - Verizon*delim*16GB - Silver - AT&T*delim*64GB - Gold - AT&T,418*delim*418*delim*728*delim*550*delim*446*delim*518*delim*667*delim*559*delim*599*delim*792*delim*741*delim*599*delim*578*delim*720*delim*504*delim*600*delim*634*delim*655*delim*557*delim*591,http://assets2.glyde.com/static/502D55F94ACC1C931543C5FB49B36547CE0A34A2/images/phones/104x200/12077888p.jpg*delim*http://assets2.glyde.com/static/502D55F94ACC1C931543C5FB49B36547CE0A34A2/images/phones/104x200/12077888p.jpg*delim*http://assets2.glyde.com/static/15C564D4E8532C03484BE51290BCFCC22C5529EB/images/phones/99x200/12077843p.jpg*delim*http://assets1.glyde.com/static/1387FE00784ABBB0DACBD5B1CBC4A7B7EFD8168E/images/phones/99x200/12077820p.jpg*delim*http://assets2.glyde.com/static/E5B4B9DDAD5496581130A7C3AA1BE4EE98F7D180/images/phones/99x200/12077834p.jpg*delim*http://assets1.glyde.com/static/4772803CDA7B88C9F2F2258106F6F25CF4EDA7B1/images/phones/103x200/12078210p.jpg*delim*http://assets1.glyde.com/static/98C9E891A0B5AE2F96DE2D2218054E419F938897/images/phones/99x200/12077824p.jpg*delim*http://assets1.glyde.com/static/AB0DA66FAAD8EDCC22DE8DF17584426D59A1BA17/images/phones/99x200/12077833p.jpg*delim*http://assets3.glyde.com/static/FD4E55E4C064AF506DA7B2E2A6037E14A8B0D5A5/images/phones/99x200/12077853p.jpg*delim*http://assets3.glyde.com/static/F2B9BBA28ACA58C392BDCA25E9DB63B2D653CC0F/images/phones/106x200/12077870p.jpg*delim*http://assets3.glyde.com/static/F3D2DB647DDE9B158170A426AD22037441383F2E/images/phones/106x200/12077869p.jpg*delim*http://assets2.glyde.com/static/85165C9E16EB5737CAB966808B8B002DDE0EFAC5/images/phones/108x200/12077857p.jpg*delim*http://assets3.glyde.com/static/754FDF68FD3F9D9EE11DE55A63CE4F9A6F11D803/images/phones/104x200/12077881p.jpg*delim*http://assets3.glyde.com/static/A851D5073F750EF22E12FA1B09063FFDD5382445/images/phones/108x200/12077858p.jpg*delim*http://assets2.glyde.com/static/4840719EE8179B1BAFF47DF4E0589621236408A0/images/phones/106x200/12077868p.jpg*delim*http://assets1.glyde.com/static/6A262F1F431390E1BDC53C137F3BD6E3965DD264/images/phones/99x200/12077819p.jpg*delim*http://assets2.glyde.com/static/305356A96CD4E4EA147969BB62906629A6A58B23/images/phones/104x200/12077879p.jpg*delim*http://assets3.glyde.com/static/81315479794C00F0FCA2F0AB87F1896B257BF4BA/images/phones/99x200/12077844p.jpg*delim*http://assets2.glyde.com/static/668E4082BB64AA610D086991194AF32F5178F2D6/images/phones/99x200/12077825p.jpg*delim*http://assets0.glyde.com/static/3A7B7AF2A8E6259337BA1DE58491CBCCFD34F6D9/images/phones/99x200/12077832p.jpg,,2900mAh,8 megapixels,Released, 6.22 x 3.06 x 0.28 inches, 5.5 inches,http://i-cdn.phonearena.com/images/phones/48965-specs/Apple-iPhone-6-Plus.jpg, Multi-touch,16 GB/32 GB/64 GB," iOS (9.x, 8.x)","Dual-core, 1400 MHz, Cyclone ARMv8-A 2nd gen., 64-bit",1024 MB , 1080 x 1920 pixels,http://www.phonearena.com/phones/Apple-iPhone-6-Plus_id8908,172 g
,,,,,,,,,,,,,,,,,,,,
,,,,,,,,,,,,,,,,,,,,
,,,,,,,,,,,,,,,,,,,,
,,,,,,,,,,,,,,,,,,,,
,,,,,,,,,,,,,,,,,,,,
,,,,,,,,,,,,,,,,,,,,
,,,,,,,,,,,,,,,,,,,,
,,,,,,,,,,,,,,,,,,,,
,,,,,,,,,,,,,,,,,,,,
,,,,,,,,,,,,,,,,,,,,
,,,,,,,,,,,,,,,,,,,,
,,,,,,,,,,,,,,,,,,,,
,,,,,,,,,,,,,,,,,,,,
,,,,,,,,,,,,,,,,,,,,
,,,,,,,,,,,,,,,,,,,,
,,,,,,,,,,,,,,,,,,,,
,,,,,,,,,,,,,,,,,,,,
,,,,,,,,,,,,,,,,,,,,
,,,,,,,,,,,,,,,,,,,,
,,,,,,,,,,,,,,,,,,,,
,,,,,,,,,,,,,,,,,,,,
,,,,,,,,,,,,,,,,,,,,
,,,,,,,,,,,,,,,,,,,,
,,,,,,,,,,,,,,,,,,,,
,,,,,,,,,,,,,,,,,,,,
,,,,,,,,,,,,,,,,,,,,
,,,,,,,,,,,,,,,,,,,,
,,,,,,,,,,,,,,,,,,,,
,,,,,,,,,,,,,,,,,,,,
,,,,,,,,,,,,,,,,,,,,
,,,,,,,,,,,,,,,,,,,,
,,,,,,,,,,,,,,,,,,,,
,,,,,,,,,,,,,,,,,,,,
,,,,,,,,,,,,,,,,,,,,
,,,,,,,,,,,,,,,,,,,,
,,,,,,,,,,,,,,,,,,,,
,,,,,,,,,,,,,,,,,,,,
,,,,,,,,,,,,,,,,,,,,
,,,,,,,,,,,,,,,,,,,,
,,,,,,,,,,,,,,,,,,,,
,,,,,,,,,,,,,,,,,,,,
,,,,,,,,,,,,,,,,,,,,
,,,,,,,,,,,,,,,,,,,,
,,,,,,,,,,,,,,,,,,,,
,,,,,,,,,,,,,,,,,,,,
,,,,,,,,,,,,,,,,,,,,
,,,,,,,,,,,,,,,,,,,,
,,,,,,,,,,,,,,,,,,,,
,,,,,,,,,,,,,,,,,,,,
,,,,,,,,,,,,,,,,,,,,
,,,,,,,,,,,,,,,,,,,,
,,,,,,,,,,,,,,,,,,,,
,,,,,,,,,,,,,,,,,,,,
,,,,,,,,,,,,,,,,,,,,
,,,,,,,,,,,,,,,,,,,,
,,,,,,,,,,,,,,,,,,,,
,,,,,,,,,,,,,,,,,,,,
,,,,,,,,,,,,,,,,,,,,
,,,,,,,,,,,,,,,,,,,,
,,,,,,,,,,,,,,,,,,,,
,,,,,,,,,,,,,,,,,,,,
,,,,,,,,,,,,,,,,,,,,
,,,,,,,,,,,,,,,,,,,,
,,,,,,,,,,,,,,,,,,,,
,,,,,,,,,,,,,,,,,,,,
,,,,,,,,,,,,,,,,,,,,
,,,,,,,,,,,,,,,,,,,,
,,,,,,,,,,,,,,,,,,,,
,,,,,,,,,,,,,,,,,,,,
,,,,,,,,,,,,,,,,,,,,
,,,,,,,,,,,,,,,,,,,,
,,,,,,,,,,,,,,,,,,,,
,,,,,,,,,,,,,,,,,,,,
,,,,,,,,,,,,,,,,,,,,
,,,,,,,,,,,,,,,,,,,,
,,,,,,,,,,,,,,,,,,,,
,,,,,,,,,,,,,,,,,,,,
,,,,,,,,,,,,,,,,,,,,
,,,,,,,,,,,,,,,,,,,,
,,,,,,,,,,,,,,,,,,,,
,,,,,,,,,,,,,,,,,,,,
,,,,,,,,,,,,,,,,,,,,
,,,,,,,,,,,,,,,,,,,,
,,,,,,,,,,,,,,,,,,,,
,,,,,,,,,,,,,,,,,,,,
,,,,,,,,,,,,,,,,,,,,
,,,,,,,,,,,,,,,,,,,,
,,,,,,,,,,,,,,,,,,,,
,,,,,,,,,,,,,,,,,,,,
,,,,,,,,,,,,,,,,,,,,
,,,,,,,,,,,,,,,,,,,,
,,,,,,,,,,,,,,,,,,,,
,,,,,,,,,,,,,,,,,,,,
,,,,,,,,,,,,,,,,,,,,
,,,,,,,,,,,,,,,,,,,,
,,,,,,,,,,,,,,,,,,,,
,,,,,,,,,,,,,,,,,,,,
,,,,,,,,,,,,,,,,,,,,
,,,,,,,,,,,,,,,,,,,,
,,,,,,,,,,,,,,,,,,,,
,,,,,,,,,,,,,,,,,,,,
,,,,,,,,,,,,,,,,,,,,
,,,,,,,,,,,,,,,,,,,,
,,,,,,,,,,,,,,,,,,,,
,,,,,,,,,,,,,,,,,,,,
,,,,,,,,,,,,,,,,,,,,
,,,,,,,,,,,,,,,,,,,,
,,,,,,,,,,,,,,,,,,,,
,,,,,,,,,,,,,,,,,,,,
,,,,,,,,,,,,,,,,,,,,
,,,,,,,,,,,,,,,,,,,,
,,,,,,,,,,,,,,,,,,,,
,,,,,,,,,,,,,,,,,,,,
,,,,,,,,,,,,,,,,,,,,
,,,,,,,,,,,,,,,,,,,,
,,,,,,,,,,,,,,,,,,,,
,,,,,,,,,,,,,,,,,,,,
,,,,,,,,,,,,,,,,,,,,
,,,,,,,,,,,,,,,,,,,,
,,,,,,,,,,,,,,,,,,,,
,,,,,,,,,,,,,,,,,,,,
,,,,,,,,,,,,,,,,,,,,
,,,,,,,,,,,,,,,,,,,,
,,,,,,,,,,,,,,,,,,,,
,,,,,,,,,,,,,,,,,,,,
,,,,,,,,,,,,,,,,,,,,
,,,,,,,,,,,,,,,,,,,,
,,,,,,,,,,,,,,,,,,,,
,,,,,,,,,,,,,,,,,,,,
,,,,,,,,,,,,,,,,,,,,
,,,,,,,,,,,,,,,,,,,,
,,,,,,,,,,,,,,,,,,,,
,,,,,,,,,,,,,,,,,,,,
,,,,,,,,,,,,,,,,,,,,
,,,,,,,,,,,,,,,,,,,,
,,,,,,,,,,,,,,,,,,,,
,,,,,,,,,,,,,,,,,,,,
,,,,,,,,,,,,,,,,,,,,
,,,,,,,,,,,,,,,,,,,,
,,,,,,,,,,,,,,,,,,,,
,,,,,,,,,,,,,,,,,,,,
,,,,,,,,,,,,,,,,,,,,
,,,,,,,,,,,,,,,,,,,,
,,,,,,,,,,,,,,,,,,,,
,,,,,,,,,,,,,,,,,,,,
,,,,,,,,,,,,,,,,,,,,
,,,,,,,,,,,,,,,,,,,,
,,,,,,,,,,,,,,,,,,,,
,,,,,,,,,,,,,,,,,,,,
,,,,,,,,,,,,,,,,,,,,
,,,,,,,,,,,,,,,,,,,,
,,,,,,,,,,,,,,,,,,,,
,,,,,,,,,,,,,,,,,,,,
,,,,,,,,,,,,,,,,,,,,
,,,,,,,,,,,,,,,,,,,,
,,,,,,,,,,,,,,,,,,,,
,,,,,,,,,,,,,,,,,,,,
,,,,,,,,,,,,,,,,,,,,
,,,,,,,,,,,,,,,,,,,,
,,,,,,,,,,,,,,,,,,,,
,,,,,,,,,,,,,,,,,,,,
,,,,,,,,,,,,,,,,,,,,
,,,,,,,,,,,,,,,,,,,,
,,,,,,,,,,,,,,,,,,,,
,,,,,,,,,,,,,,,,,,,,
,,,,,,,,,,,,,,,,,,,,
,,,,,,,,,,,,,,,,,,,,
,,,,,,,,,,,,,,,,,,,,
,,,,,,,,,,,,,,,,,,,,
,,,,,,,,,,,,,,,,,,,,
,,,,,,,,,,,,,,,,,,,,
,,,,,,,,,,,,,,,,,,,,
,,,,,,,,,,,,,,,,,,,,
,,,,,,,,,,,,,,,,,,,,
,,,,,,,,,,,,,,,,,,,,
,,,,,,,,,,,,,,,,,,,,
,,,,,,,,,,,,,,,,,,,,
,,,,,,,,,,,,,,,,,,,,
,,,,,,,,,,,,,,,,,,,,
,,,,,,,,,,,,,,,,,,,,
,,,,,,,,,,,,,,,,,,,,
,,,,,,,,,,,,,,,,,,,,
,,,,,,,,,,,,,,,,,,,,
,,,,,,,,,,,,,,,,,,,,
,,,,,,,,,,,,,,,,,,,,
,,,,,,,,,,,,,,,,,,,,
,,,,,,,,,,,,,,,,,,,,
,,,,,,,,,,,,,,,,,,,,
,,,,,,,,,,,,,,,,,,,,
,,,,,,,,,,,,,,,,,,,,
,,,,,,,,,,,,,,,,,,,,
,,,,,,,,,,,,,,,,,,,,
,,,,,,,,,,,,,,,,,,,,
,,,,,,,,,,,,,,,,,,,,
,,,,,,,,,,,,,,,,,,,,
,,,,,,,,,,,,,,,,,,,,
,,,,,,,,,,,,,,,,,,,,
,,,,,,,,,,,,,,,,,,,,
,,,,,,,,,,,,,,,,,,,,
,,,,,,,,,,,,,,,,,,,,
,,,,,,,,,,,,,,,,,,,,
,,,,,,,,,,,,,,,,,,,,
,,,,,,,,,,,,,,,,,,,,
,,,,,,,,,,,,,,,,,,,,
,,,,,,,,,,,,,,,,,,,,
,,,,,,,,,,,,,,,,,,,,
,,,,,,,,,,,,,,,,,,,,
,,,,,,,,,,,,,,,,,,,,
,,,,,,,,,,,,,,,,,,,,
,,,,,,,,,,,,,,,,,,,,
,,,,,,,,,,,,,,,,,,,,
,,,,,,,,,,,,,,,,,,,,
,,,,,,,,,,,,,,,,,,,,
,,,,,,,,,,,,,,,,,,,,
,,,,,,,,,,,,,,,,,,,,
,,,,,,,,,,,,,,,,,,,,
,,,,,,,,,,,,,,,,,,,,
,,,,,,,,,,,,,,,,,,,,
,,,,,,,,,,,,,,,,,,,,
,,,,,,,,,,,,,,,,,,,,
,,,,,,,,,,,,,,,,,,,,
,,,,,,,,,,,,,,,,,,,,
,,,,,,,,,,,,,,,,,,,,
,,,,,,,,,,,,,,,,,,,,
,,,,,,,,,,,,,,,,,,,,
,,,,,,,,,,,,,,,,,,,,
,,,,,,,,,,,,,,,,,,,,
,,,,,,,,,,,,,,,,,,,,
,,,,,,,,,,,,,,,,,,,,
,,,,,,,,,,,,,,,,,,,,
,,,,,,,,,,,,,,,,,,,,
,,,,,,,,,,,,,,,,,,,,
,,,,,,,,,,,,,,,,,,,,
,,,,,,,,,,,,,,,,,,,,
,,,,,,,,,,,,,,,,,,,,
,,,,,,,,,,,,,,,,,,,,
,,,,,,,,,,,,,,,,,,,,
,,,,,,,,,,,,,,,,,,,,
,,,,,,,,,,,,,,,,,,,,
,,,,,,,,,,,,,,,,,,,,
,,,,,,,,,,,,,,,,,,,,
,,,,,,,,,,,,,,,,,,,,
,,,,,,,,,,,,,,,,,,,,
,,,,,,,,,,,,,,,,,,,,
,,,,,,,,,,,,,,,,,,,,
,,,,,,,,,,,,,,,,,,,,
,,,,,,,,,,,,,,,,,,,,
,,,,,,,,,,,,,,,,,,,,
,,,,,,,,,,,,,,,,,,,,
,,,,,,,,,,,,,,,,,,,,
,,,,,,,,,,,,,,,,,,,,
,,,,,,,,,,,,,,,,,,,,
,,,,,,,,,,,,,,,,,,,,
,,,,,,,,,,,,,,,,,,,,
,,,,,,,,,,,,,,,,,,,,
,,,,,,,,,,,,,,,,,,,,
,,,,,,,,,,,,,,,,,,,,
,,,,,,,,,,,,,,,,,,,,
,,,,,,,,,,,,,,,,,,,,
,,,,,,,,,,,,,,,,,,,,
,,,,,,,,,,,,,,,,,,,,
,,,,,,,,,,,,,,,,,,,,
,,,,,,,,,,,,,,,,,,,,
,,,,,,,,,,,,,,,,,,,,
,,,,,,,,,,,,,,,,,,,,
,,,,,,,,,,,,,,,,,,,,
,,,,,,,,,,,,,,,,,,,,
,,,,,,,,,,,,,,,,,,,,
,,,,,,,,,,,,,,,,,,,,
,,,,,,,,,,,,,,,,,,,,
,,,,,,,,,,,,,,,,,,,,
,,,,,,,,,,,,,,,,,,,,
,,,,,,,,,,,,,,,,,,,,
,,,,,,,,,,,,,,,,,,,,
,,,,,,,,,,,,,,,,,,,,
,,,,,,,,,,,,,,,,,,,,
,,,,,,,,,,,,,,,,,,,,
,,,,,,,,,,,,,,,,,,,,
,,,,,,,,,,,,,,,,,,,,
,,,,,,,,,,,,,,,,,,,,
,,,,,,,,,,,,,,,,,,,,
,,,,,,,,,,,,,,,,,,,,
,,,,,,,,,,,,,,,,,,,,
,,,,,,,,,,,,,,,,,,,,
,,,,,,,,,,,,,,,,,,,,
,,,,,,,,,,,,,,,,,,,,
,,,,,,,,,,,,,,,,,,,,
,,,,,,,,,,,,,,,,,,,,
,,,,,,,,,,,,,,,,,,,,
,,,,,,,,,,,,,,,,,,,,
,,,,,,,,,,,,,,,,,,,,
,,,,,,,,,,,,,,,,,,,,
,,,,,,,,,,,,,,,,,,,,
,,,,,,,,,,,,,,,,,,,,
,,,,,,,,,,,,,,,,,,,,
,,,,,,,,,,,,,,,,,,,,
,,,,,,,,,,,,,,,,,,,,
,,,,,,,,,,,,,,,,,,,,
,,,,,,,,,,,,,,,,,,,,
,,,,,,,,,,,,,,,,,,,,
,,,,,,,,,,,,,,,,,,,,
,,,,,,,,,,,,,,,,,,,,
,,,,,,,,,,,,,,,,,,,,
,,,,,,,,,,,,,,,,,,,,
,,,,,,,,,,,,,,,,,,,,
,,,,,,,,,,,,,,,,,,,,
,,,,,,,,,,,,,,,,,,,,
,,,,,,,,,,,,,,,,,,,,
,,,,,,,,,,,,,,,,,,,,
,,,,,,,,,,,,,,,,,,,,
,,,,,,,,,,,,,,,,,,,,
,,,,,,,,,,,,,,,,,,,,
,,,,,,,,,,,,,,,,,,,,
,,,,,,,,,,,,,,,,,,,,
,,,,,,,,,,,,,,,,,,,,
,,,,,,,,,,,,,,,,,,,,
,,,,,,,,,,,,,,,,,,,,
,,,,,,,,,,,,,,,,,,,,
,,,,,,,,,,,,,,,,,,,,
,,,,,,,,,,,,,,,,,,,,
,,,,,,,,,,,,,,,,,,,,
,,,,,,,,,,,,,,,,,,,,
,,,,,,,,,,,,,,,,,,,,
,,,,,,,,,,,,,,,,,,,,
,,,,,,,,,,,,,,,,,,,,
,,,,,,,,,,,,,,,,,,,,
,,,,,,,,,,,,,,,,,,,,
,,,,,,,,,,,,,,,,,,,,
,,,,,,,,,,,,,,,,,,,,
,,,,,,,,,,,,,,,,,,,,
,,,,,,,,,,,,,,,,,,,,
,,,,,,,,,,,,,,,,,,,,
,,,,,,,,,,,,,,,,,,,,
,,,,,,,,,,,,,,,,,,,,
,,,,,,,,,,,,,,,,,,,,
,,,,,,,,,,,,,,,,,,,,
,,,,,,,,,,,,,,,,,,,,
,,,,,,,,,,,,,,,,,,,,
,,,,,,,,,,,,,,,,,,,,
,,,,,,,,,,,,,,,,,,,,
,,,,,,,,,,,,,,,,,,,,
,,,,,,,,,,,,,,,,,,,,
,,,,,,,,,,,,,,,,,,,,
,,,,,,,,,,,,,,,,,,,,
,,,,,,,,,,,,,,,,,,,,
,,,,,,,,,,,,,,,,,,,,
,,,,,,,,,,,,,,,,,,,,
,,,,,,,,,,,,,,,,,,,,
,,,,,,,,,,,,,,,,,,,,
,,,,,,,,,,,,,,,,,,,,
,,,,,,,,,,,,,,,,,,,,
,,,,,,,,,,,,,,,,,,,,
,,,,,,,,,,,,,,,,,,,,
,,,,,,,,,,,,,,,,,,,,
,,,,,,,,,,,,,,,,,,,,
,,,,,,,,,,,,,,,,,,,,
,,,,,,,,,,,,,,,,,,,,
,,,,,,,,,,,,,,,,,,,,
,,,,,,,,,,,,,,,,,,,,
,,,,,,,,,,,,,,,,,,,,
,,,,,,,,,,,,,,,,,,,,
,,,,,,,,,,,,,,,,,,,,
,,,,,,,,,,,,,,,,,,,,
,,,,,,,,,,,,,,,,,,,,
,,,,,,,,,,,,,,,,,,,,
,,,,,,,,,,,,,,,,,,,,
,,,,,,,,,,,,,,,,,,,,
,,,,,,,,,,,,,,,,,,,,
,,,,,,,,,,,,,,,,,,,,
,,,,,,,,,,,,,,,,,,,,
,,,,,,,,,,,,,,,,,,,,
,,,,,,,,,,,,,,,,,,,,
,,,,,,,,,,,,,,,,,,,,
,,,,,,,,,,,,,,,,,,,,
,,,,,,,,,,,,,,,,,,,,
,,,,,,,,,,,,,,,,,,,,
,,,,,,,,,,,,,,,,,,,,
,,,,,,,,,,,,,,,,,,,,
,,,,,,,,,,,,,,,,,,,,
,,,,,,,,,,,,,,,,,,,,
,,,,,,,,,,,,,,,,,,,,
,,,,,,,,,,,,,,,,,,,,
,,,,,,,,,,,,,,,,,,,,
,,,,,,,,,,,,,,,,,,,,
,,,,,,,,,,,,,,,,,,,,
,,,,,,,,,,,,,,,,,,,,
,,,,,,,,,,,,,,,,,,,,
,,,,,,,,,,,,,,,,,,,,
,,,,,,,,,,,,,,,,,,,,
,,,,,,,,,,,,,,,,,,,,
,,,,,,,,,,,,,,,,,,,,
,,,,,,,,,,,,,,,,,,,,
,,,,,,,,,,,,,,,,,,,,
,,,,,,,,,,,,,,,,,,,,
,,,,,,,,,,,,,,,,,,,,
,,,,,,,,,,,,,,,,,,,,
,,,,,,,,,,,,,,,,,,,,
,,,,,,,,,,,,,,,,,,,,
,,,,,,,,,,,,,,,,,,,,
,,,,,,,,,,,,,,,,,,,,
,,,,,,,,,,,,,,,,,,,,
,,,,,,,,,,,,,,,,,,,,